Content Type,Slug,Title,Content ID,Course,Unit,Lesson,Lesson Order,Khan Academy URL
Article,"3d-figures-faq","3D figures FAQ",x16c76f91b3fa9a61,"6th grade math","3D figures","Surface area",6,https://www.khanacademy.org/math/COURSE_SLUG/UNIT_SLUG/LESSON_SLUG/a/3d-figures-faq
Article,"arithmetic-with-rational-numbers-faq","Arithmetic with rational numbers FAQ",x11ac5bfa3043b64e,"6th grade math","Arithmetic with rational numbers","Dividing decimals",10,https://www.khanacademy.org/math/COURSE_SLUG/UNIT_SLUG/LESSON_SLUG/a/arithmetic-with-rational-numbers-faq
Article,"coordinate-plane-faq","Coordinate plane FAQ",x477ef2f6ce0683e2,"6th grade math","Coordinate plane","Polygons on the coordinate plane",11,https://www.khanacademy.org/math/COURSE_SLUG/UNIT_SLUG/LESSON_SLUG/a/coordinate-plane-faq
Article,"data-and-statistics-faq","Data and statistics FAQ",x86c30d5d7eaa7148,"6th grade math","Data and statistics","Shape of data distributions",4,https://www.khanacademy.org/math/COURSE_SLUG/UNIT_SLUG/LESSON_SLUG/a/data-and-statistics-faq
Article,"equations-and-inequalities-faq","Equations and inequalities FAQ",x3032117afd20ade0,"6th grade math","Equations & inequalities","Analyzing relationships between variables",4,https://www.khanacademy.org/math/COURSE_SLUG/UNIT_SLUG/LESSON_SLUG/a/equations-and-inequalities-faq
Article,"evaluating-expressions-with-one-variable","Evaluating expressions with one variable",x1e98cd6a,"6th grade math","Variables & expressions","Substitution & evaluating expressions",5,https://www.khanacademy.org/math/COURSE_SLUG/UNIT_SLUG/LESSON_SLUG/a/evaluating-expressions-with-one-variable
Article,"evaluating-expressions-with-two-variables","Evaluating expressions with two variables",xb79cc5bd,"6th grade math","Variables & expressions","Evaluating expressions with multiple variables",4,https://www.khanacademy.org/math/COURSE_SLUG/UNIT_SLUG/LESSON_SLUG/a/evaluating-expressions-with-two-variables
Article,"evaluating-expressions-with-two-variables-with-fractions-and-decimals","Evaluating expressions with two variables: fractions & decimals",x20b59b43,"6th grade math","Variables & expressions","Evaluating expressions with multiple variables",5,https://www.khanacademy.org/math/COURSE_SLUG/UNIT_SLUG/LESSON_SLUG/a/evaluating-expressions-with-two-variables-with-fractions-and-decimals
Article,"exponents-and-order-of-operations-faq","Exponents and order of operations FAQ",xcf4eb8929746061d,"6th grade math","Exponents and order of operations","More on order of operations",6,https://www.khanacademy.org/math/COURSE_SLUG/UNIT_SLUG/LESSON_SLUG/a/exponents-and-order-of-operations-faq
Article,"interquartile-range-review","Interquartile range review",xbab1ad18,"6th grade math","Data and statistics","Interquartile range (IQR)",3,https://www.khanacademy.org/math/COURSE_SLUG/UNIT_SLUG/LESSON_SLUG/a/interquartile-range-review
Article,"negative-numbers-faq","Negative numbers FAQ",x7a71db4de02d370f,"6th grade math","Negative numbers","Comparing absolute values",8,https://www.khanacademy.org/math/COURSE_SLUG/UNIT_SLUG/LESSON_SLUG/a/negative-numbers-faq
Article,"plane-figures-faq","Plane figures FAQ",x00c5d11d658589f7,"6th grade math","Plane figures","Area of composite figures",5,https://www.khanacademy.org/math/COURSE_SLUG/UNIT_SLUG/LESSON_SLUG/a/plane-figures-faq
Article,"properties-of-addition","Properties of addition",xffe420cb,"6th grade math","Variables & expressions","Properties of numbers",0,https://www.khanacademy.org/math/COURSE_SLUG/UNIT_SLUG/LESSON_SLUG/a/properties-of-addition
Article,"properties-of-multiplication","Properties of multiplication",x3656c088,"6th grade math","Variables & expressions","Properties of numbers",1,https://www.khanacademy.org/math/COURSE_SLUG/UNIT_SLUG/LESSON_SLUG/a/properties-of-multiplication
Article,"rates-and-percentages-faq","Rates and percentages FAQ",xd245c17092a66d1a,"6th grade math","Rates and percentages","Percent word problems",2,https://www.khanacademy.org/math/COURSE_SLUG/UNIT_SLUG/LESSON_SLUG/a/rates-and-percentages-faq
Article,"ratios-faq","Ratios FAQ",x32ed5acfb8c3add5,"6th grade math","Ratios","Ratio application",6,https://www.khanacademy.org/math/COURSE_SLUG/UNIT_SLUG/LESSON_SLUG/a/ratios-faq
Article,"surface-area-review","Surface area review",x6b63cd9a,"6th grade math","3D figures","Surface area",5,https://www.khanacademy.org/math/COURSE_SLUG/UNIT_SLUG/LESSON_SLUG/a/surface-area-review
Article,"variables-and-expressions-faq","Variables and expressions FAQ",xf9e6adfb6d4e6f02,"6th grade math","Variables & expressions","Equivalent expressions",2,https://www.khanacademy.org/math/COURSE_SLUG/UNIT_SLUG/LESSON_SLUG/a/variables-and-expressions-faq
Article,"whole-numbers-integers","Whole numbers & integers",x28389d4e,"6th grade math","Variables & expressions","Whole numbers & integers",0,https://www.khanacademy.org/math/COURSE_SLUG/UNIT_SLUG/LESSON_SLUG/a/whole-numbers-integers
Exercise,"divide-fractions-by-whole-numbers","Divide fractions by whole numbers",xd5634898,"6th grade math","Arithmetic with rational numbers","Dividing fractions and whole numbers",0,https://www.khanacademy.org/math/COURSE_SLUG/UNIT_SLUG/LESSON_SLUG/e/divide-fractions-by-whole-numbers
Exercise,"equivalent-forms-of-expressions-1","Equivalent expressions",xc85799e4,"6th grade math","Variables & expressions","Equivalent expressions",0,https://www.khanacademy.org/math/COURSE_SLUG/UNIT_SLUG/LESSON_SLUG/e/equivalent-forms-of-expressions-1
Exercise,"evaluating_expressions_2","Evaluating expressions with multiple variables",213307256,"6th grade math","Variables & expressions","Evaluating expressions with multiple variables",0,https://www.khanacademy.org/math/COURSE_SLUG/UNIT_SLUG/LESSON_SLUG/e/evaluating_expressions_2
Exercise,"evaluating-expressions-in-two-variables-2","Evaluating expressions with multiple variables: fractions & decimals",x9606522f,"6th grade math","Variables & expressions","Evaluating expressions with multiple variables",1,https://www.khanacademy.org/math/COURSE_SLUG/UNIT_SLUG/LESSON_SLUG/e/evaluating-expressions-in-two-variables-2
Exercise,"evaluating_expressions_1","Evaluating expressions with one variable",47765362,"6th grade math","Variables & expressions","Substitution & evaluating expressions",0,https://www.khanacademy.org/math/COURSE_SLUG/UNIT_SLUG/LESSON_SLUG/e/evaluating_expressions_1
Exercise,"identify-geometric-solids--3d-figures-","Identify geometric solids (3D shapes)",xf6733dba2563d3d7,"6th grade math","3D figures","Geometric solids (3D shapes)",1,https://www.khanacademy.org/math/COURSE_SLUG/UNIT_SLUG/LESSON_SLUG/e/identify-geometric-solids--3d-figures-
Exercise,"identify-parts-of-3d-shapes","Identify parts of 3D shapes",x810053abc584c95e,"6th grade math","3D figures","Geometric solids (3D shapes)",0,https://www.khanacademy.org/math/COURSE_SLUG/UNIT_SLUG/LESSON_SLUG/e/identify-parts-of-3d-shapes
Exercise,"order-of-operations--no-exponents-","Order of operations (no exponents)",x4e084245f945080c,"6th grade math","Exponents and order of operations","Order of operations introduction",0,https://www.khanacademy.org/math/COURSE_SLUG/UNIT_SLUG/LESSON_SLUG/e/order-of-operations--no-exponents-
Video,"comparing-exponent-expressions","Comparing exponent expressions",xe33cab3e2e0db6d6,"6th grade math","Exponents and order of operations","More on order of operations",1,https://www.khanacademy.org/math/COURSE_SLUG/UNIT_SLUG/LESSON_SLUG/v/comparing-exponent-expressions
Video,"counting-faces-and-edges-of-3d-shapes","Counting faces and edges of 3D shapes",x86473103952799e4,"6th grade math","3D figures","Geometric solids (3D shapes)",0,https://www.khanacademy.org/math/COURSE_SLUG/UNIT_SLUG/LESSON_SLUG/v/counting-faces-and-edges-of-3d-shapes
Video,"dividing-a-whole-number-by-a-fraction-with-reciprocal","Dividing a whole number by a fraction with reciprocal",x5a6f5d30a8980c41,"6th grade math","Arithmetic with rational numbers","Dividing fractions and whole numbers",4,https://www.khanacademy.org/math/COURSE_SLUG/UNIT_SLUG/LESSON_SLUG/v/dividing-a-whole-number-by-a-fraction-with-reciprocal
Video,"equivalent-algebraic-expressions-exercise","Equivalent expressions",x7c5e660c,"6th grade math","Variables & expressions","Equivalent expressions",0,https://www.khanacademy.org/math/COURSE_SLUG/UNIT_SLUG/LESSON_SLUG/v/equivalent-algebraic-expressions-exercise
Video,"variables-and-expressions-1","Evaluating an expression with one variable",13179305,"6th grade math","Variables & expressions","Substitution & evaluating expressions",0,https://www.khanacademy.org/math/COURSE_SLUG/UNIT_SLUG/LESSON_SLUG/v/variables-and-expressions-1
Video,"evaluating-expressions-in-two-variables","Evaluating expressions with two variables",xcce18b8f,"6th grade math","Variables & expressions","Evaluating expressions with multiple variables",0,https://www.khanacademy.org/math/COURSE_SLUG/UNIT_SLUG/LESSON_SLUG/v/evaluating-expressions-in-two-variables
Video,"evaluating-expressions-in-two-variables-with-decimals-and-fractions","Evaluating expressions with two variables: fractions & decimals",x8c62927c,"6th grade math","Variables & expressions","Evaluating expressions with multiple variables",2,https://www.khanacademy.org/math/COURSE_SLUG/UNIT_SLUG/LESSON_SLUG/v/evaluating-expressions-in-two-variables-with-decimals-and-fractions
Video,"exponents-of-decimals","Exponents of decimals",xeeccb03072f11724,"6th grade math","Exponents and order of operations","Powers of fractions and decimals",0,https://www.khanacademy.org/math/COURSE_SLUG/UNIT_SLUG/LESSON_SLUG/v/exponents-of-decimals
Video,"example-finding-area-of-triangle","Finding area of triangles",xcc8a19eed3fc9954,"6th grade math","Plane figures","Areas of triangles",1,https://www.khanacademy.org/math/COURSE_SLUG/UNIT_SLUG/LESSON_SLUG/v/example-finding-area-of-triangle
Video,"finding-height-of-a-parallelogram","Finding height of a parallelogram",x96372c65f08c8dce,"6th grade math","Plane figures","Areas of parallelograms",3,https://www.khanacademy.org/math/COURSE_SLUG/UNIT_SLUG/LESSON_SLUG/v/finding-height-of-a-parallelogram
Video,"how-volume-changes-from-changing-dimensions","How volume changes from changing dimensions",x06ec522989f5a1c6,"6th grade math","3D figures","Volume with fractions",3,https://www.khanacademy.org/math/COURSE_SLUG/UNIT_SLUG/LESSON_SLUG/v/how-volume-changes-from-changing-dimensions
Video,"combining-like-terms","Intro to combining like terms",1027260826,"6th grade math","Variables & expressions","Combining like terms",0,https://www.khanacademy.org/math/COURSE_SLUG/UNIT_SLUG/LESSON_SLUG/v/combining-like-terms
Video,"intro-to-multiplying-decimals","Intro to multiplying decimals",x634fb6a8,"6th grade math","Arithmetic with rational numbers","Multiplying decimals",0,https://www.khanacademy.org/math/COURSE_SLUG/UNIT_SLUG/LESSON_SLUG/v/intro-to-multiplying-decimals
Video,"one-step-multiplication-fractional-coefficients","One-step multiplication equations: fractional coefficients",x24d59f9050daac31,"6th grade math","Equations & inequalities","One-step multiplication and division equations",5,https://www.khanacademy.org/math/COURSE_SLUG/UNIT_SLUG/LESSON_SLUG/v/one-step-multiplication-fractional-coefficients
Video,"recognizing-common-3d-shapes","Recognizing common 3D shapes",x4821014801c816e7,"6th grade math","3D figures","Geometric solids (3D shapes)",2,https://www.khanacademy.org/math/COURSE_SLUG/UNIT_SLUG/LESSON_SLUG/v/recognizing-common-3d-shapes
Video,"surface-area-of-a-box","Surface area of a box (cuboid)",xcd3980f6,"6th grade math","3D figures","Nets of 3D figures",4,https://www.khanacademy.org/math/COURSE_SLUG/UNIT_SLUG/LESSON_SLUG/v/surface-area-of-a-box
Video,"surface-area-word-problem-example","Surface area word problem example",x6a82c2200b76ccc5,"6th grade math","3D figures","Surface area",3,https://www.khanacademy.org/math/COURSE_SLUG/UNIT_SLUG/LESSON_SLUG/v/surface-area-word-problem-example
Video,"triangle-missing-side-example","Triangle missing side example",xf11586ba7868d7f4,"6th grade math","Plane figures","Areas of triangles",6,https://www.khanacademy.org/math/COURSE_SLUG/UNIT_SLUG/LESSON_SLUG/v/triangle-missing-side-example
Video,"what-is-a-variable","What is a variable?",1027163525,"6th grade math","Variables & expressions","Parts of algebraic expressions",0,https://www.khanacademy.org/math/COURSE_SLUG/UNIT_SLUG/LESSON_SLUG/v/what-is-a-variable
Video,"why-aren-t-we-using-the-multiplication-sign","Why aren't we using the multiplication sign?",1027377520,"6th grade math","Variables & expressions","Parts of algebraic expressions",2,https://www.khanacademy.org/math/COURSE_SLUG/UNIT_SLUG/LESSON_SLUG/v/why-aren-t-we-using-the-multiplication-sign
Video,"writing-fraction-division-story-problems","Writing fraction division story problems",x402e317ef1ae977a,"6th grade math","Arithmetic with rational numbers","Dividing fractions by fractions",6,https://www.khanacademy.org/math/COURSE_SLUG/UNIT_SLUG/LESSON_SLUG/v/writing-fraction-division-story-problems
Article,"expressions-equations-inequalities-faq","Expressions, equations, & inequalities FAQ",xe7408ef1e8d30f60,"7th grade math","Expressions, equations, & inequalities","Combining like terms",0,https://www.khanacademy.org/math/COURSE_SLUG/UNIT_SLUG/LESSON_SLUG/a/expressions-equations-inequalities-faq
Article,"fractions-decimals-percentages-faq","Fractions, decimals, & percentages FAQ",x04a0cde996c2bba0,"7th grade math","Rates and percentages","Rate problems with fractions",0,https://www.khanacademy.org/math/COURSE_SLUG/UNIT_SLUG/LESSON_SLUG/a/fractions-decimals-percentages-faq
Article,"geometry-faq","Geometry FAQ",x8f5b4b5136628a2f,"7th grade math","Geometry","Area and circumference of circles",0,https://www.khanacademy.org/math/COURSE_SLUG/UNIT_SLUG/LESSON_SLUG/a/geometry-faq
Article,"negative-numbers-addition-and-subtraction-faq","Negative numbers: addition and subtraction FAQ",xa88ea1f0c4374fce,"7th grade math","Integers: addition and subtraction","Intro to adding negative numbers",0,https://www.khanacademy.org/math/COURSE_SLUG/UNIT_SLUG/LESSON_SLUG/a/negative-numbers-addition-and-subtraction-faq
Article,"negative-numbers-multiplication-and-division-faq","Negative numbers: multiplication and division FAQ",x8a2b9e77a496d834,"7th grade math","Negative numbers: multiplication and division","Multiply with negatives",0,https://www.khanacademy.org/math/COURSE_SLUG/UNIT_SLUG/LESSON_SLUG/a/negative-numbers-multiplication-and-division-faq
Article,"rates-proportional-relationships-faq","Rates & proportional relationships FAQ",xc2d59873b5726f26,"7th grade math","Proportional relationships","Constant of proportionality",0,https://www.khanacademy.org/math/COURSE_SLUG/UNIT_SLUG/LESSON_SLUG/a/rates-proportional-relationships-faq
Article,"statistics-and-probability-faq","Statistics and probability FAQ",xcea424f299a4179a,"7th grade math","Statistics and probability","Basic probability",0,https://www.khanacademy.org/math/COURSE_SLUG/UNIT_SLUG/LESSON_SLUG/a/statistics-and-probability-faq
Exercise,"combining_like_terms_1","Combining like terms with negative coefficients",716798913,"7th grade math","Expressions, equations, & inequalities","Combining like terms",0,https://www.khanacademy.org/math/COURSE_SLUG/UNIT_SLUG/LESSON_SLUG/e/combining_like_terms_1
Exercise,"combining_like_terms_2","Combining like terms with negative coefficients & distribution",716812878,"7th grade math","Expressions, equations, & inequalities","Combining like terms",1,https://www.khanacademy.org/math/COURSE_SLUG/UNIT_SLUG/LESSON_SLUG/e/combining_like_terms_2
Exercise,"manipulating-linear-expressions-with-rational-coefficients","Combining like terms with rational coefficients",x08db428f,"7th grade math","Expressions, equations, & inequalities","Combining like terms",2,https://www.khanacademy.org/math/COURSE_SLUG/UNIT_SLUG/LESSON_SLUG/e/manipulating-linear-expressions-with-rational-coefficients
Exercise,"slicing-3d-figures","Cross sections of 3D objects (basic)",x744a1e17,"7th grade math","Geometry","Slicing geometric shapes",0,https://www.khanacademy.org/math/COURSE_SLUG/UNIT_SLUG/LESSON_SLUG/e/slicing-3d-figures
Exercise,"equivalent-expressions-with-percent-problems","Equivalent expressions with percent problems",x39cdc720f058e30a,"7th grade math","Rates and percentages","Percent word problems",0,https://www.khanacademy.org/math/COURSE_SLUG/UNIT_SLUG/LESSON_SLUG/e/equivalent-expressions-with-percent-problems
Exercise,"interpret-constant-of-proportionality-in-graphs","Interpret constant of proportionality in graphs",xad220e2f06e0c6bf,"7th grade math","Proportional relationships","Compare and interpret constants of proportionality ",2,https://www.khanacademy.org/math/COURSE_SLUG/UNIT_SLUG/LESSON_SLUG/e/interpret-constant-of-proportionality-in-graphs
Exercise,"interpret-two-step-equation-word-problems","Interpret two-step equation word problems",x6f2597a7de0b1f09,"7th grade math","Expressions, equations, & inequalities","Two-step equation word problems",0,https://www.khanacademy.org/math/COURSE_SLUG/UNIT_SLUG/LESSON_SLUG/e/interpret-two-step-equation-word-problems
Exercise,"naming-angles","Name angles",xb0dd2ccf,"7th grade math","Geometry","Vertical, complementary, and supplementary angles",0,https://www.khanacademy.org/math/COURSE_SLUG/UNIT_SLUG/LESSON_SLUG/e/naming-angles
Exercise,"negative-signs-in-fractions--with-variables-","Negative signs in fractions (with variables)",x4dd564b106176fc4,"7th grade math","Negative numbers: multiplication and division","Understanding multiplying and dividing fractions",1,https://www.khanacademy.org/math/COURSE_SLUG/UNIT_SLUG/LESSON_SLUG/e/negative-signs-in-fractions--with-variables-
Exercise,"tax-and-tip-word-problems","Tax and tip word problems",x6e742d821f76a7e4,"7th grade math","Rates and percentages","Percent word problems",2,https://www.khanacademy.org/math/COURSE_SLUG/UNIT_SLUG/LESSON_SLUG/e/tax-and-tip-word-problems
Video,"adding-with-integer-chips","Adding with integer chips",x83da0698c825f538,"7th grade math","Integers: addition and subtraction","Intro to adding negative numbers",3,https://www.khanacademy.org/math/COURSE_SLUG/UNIT_SLUG/LESSON_SLUG/v/adding-with-integer-chips
Video,"angle-basics","Angles: introduction",263439065,"7th grade math","Geometry","Vertical, complementary, and supplementary angles",0,https://www.khanacademy.org/math/COURSE_SLUG/UNIT_SLUG/LESSON_SLUG/v/angle-basics
Video,"associative-commutative-with-negatives","Associative and commutative properties of addition with negatives",x7fab7267219829a6,"7th grade math","Rational numbers: addition and subtraction","Properties of addition & subtraction",0,https://www.khanacademy.org/math/COURSE_SLUG/UNIT_SLUG/LESSON_SLUG/v/associative-commutative-with-negatives
Video,"combining-like-terms-3","Combining like terms with negative coefficients",1254690345,"7th grade math","Expressions, equations, & inequalities","Combining like terms",3,https://www.khanacademy.org/math/COURSE_SLUG/UNIT_SLUG/LESSON_SLUG/v/combining-like-terms-3
Video,"combining-like-terms-and-the-distributive-property","Combining like terms with negative coefficients & distribution",1027316723,"7th grade math","Expressions, equations, & inequalities","Combining like terms",2,https://www.khanacademy.org/math/COURSE_SLUG/UNIT_SLUG/LESSON_SLUG/v/combining-like-terms-and-the-distributive-property
Video,"simplifying-expressions-involving-rational-numbers","Combining like terms with rational coefficients",x1750bfec,"7th grade math","Expressions, equations, & inequalities","Combining like terms",6,https://www.khanacademy.org/math/COURSE_SLUG/UNIT_SLUG/LESSON_SLUG/v/simplifying-expressions-involving-rational-numbers
Video,"comparing-constants-of-proportionality","Comparing constants of proportionality",x8ccefb0267cc2b7f,"7th grade math","Proportional relationships","Compare and interpret constants of proportionality ",0,https://www.khanacademy.org/math/COURSE_SLUG/UNIT_SLUG/LESSON_SLUG/v/comparing-constants-of-proportionality
Video,"constant-of-proportionality-from-graph","Constant of proportionality from graph",x3cde70670ae56928,"7th grade math","Proportional relationships","Constant of proportionality",3,https://www.khanacademy.org/math/COURSE_SLUG/UNIT_SLUG/LESSON_SLUG/v/constant-of-proportionality-from-graph
Video,"example-identifying-a-proportional-relatioship-given-a-constant-of-proportionality","Constant of proportionality from tables",x08a5abf4706ddad6,"7th grade math","Proportional relationships","Constant of proportionality",8,https://www.khanacademy.org/math/COURSE_SLUG/UNIT_SLUG/LESSON_SLUG/v/example-identifying-a-proportional-relatioship-given-a-constant-of-proportionality
Video,"creating-scale-drawings","Creating scale drawings",x01989a848c05e686,"7th grade math","Scale copies","Scale drawings",5,https://www.khanacademy.org/math/COURSE_SLUG/UNIT_SLUG/LESSON_SLUG/v/creating-scale-drawings
Video,"factoring-linear-binomials","Factoring with the distributive property",xa1e260c1,"7th grade math","Expressions, equations, & inequalities","The distributive property & equivalent expressions",1,https://www.khanacademy.org/math/COURSE_SLUG/UNIT_SLUG/LESSON_SLUG/v/factoring-linear-binomials
Video,"graphing-negative-number-addition-and-subtraction-expressions","Graphing negative number addition and subtraction expressions",x3cfb7e6fd1638784,"7th grade math","Integers: addition and subtraction","Intro to subtracting negative numbers",4,https://www.khanacademy.org/math/COURSE_SLUG/UNIT_SLUG/LESSON_SLUG/v/graphing-negative-number-addition-and-subtraction-expressions
Video,"identifying-corresponding-parts-of-scaled-copies","Identifying corresponding parts of scaled copies",x459c0342676e7ea6,"7th grade math","Scale copies","Scale copies",2,https://www.khanacademy.org/math/COURSE_SLUG/UNIT_SLUG/LESSON_SLUG/v/identifying-corresponding-parts-of-scaled-copies
Video,"identifying-proportional-relationships-from-graphs","Identifying proportional relationships from graphs",x85ad97f71102abf0,"7th grade math","Proportional relationships","Graphs of proportional relationships",0,https://www.khanacademy.org/math/COURSE_SLUG/UNIT_SLUG/LESSON_SLUG/v/identifying-proportional-relationships-from-graphs
Video,"identifying-scale-factors-example","Identifying scale factor in drawings",x99c36e33e74c162f,"7th grade math","Scale copies","Scale copies",7,https://www.khanacademy.org/math/COURSE_SLUG/UNIT_SLUG/LESSON_SLUG/v/identifying-scale-factors-example
Video,"identifying-the-constant-of-proportionality","Identifying the constant of proportionality from equation",x15418d80a6af0b42,"7th grade math","Proportional relationships","Constant of proportionality",5,https://www.khanacademy.org/math/COURSE_SLUG/UNIT_SLUG/LESSON_SLUG/v/identifying-the-constant-of-proportionality
Video,"interpreting-scale-factors-in-drawings","Interpreting scale factors in drawings",x59907ba1ca7a8d9c,"7th grade math","Scale copies","Scale copies",9,https://www.khanacademy.org/math/COURSE_SLUG/UNIT_SLUG/LESSON_SLUG/v/interpreting-scale-factors-in-drawings
Video,"combining-like-terms","Intro to combining like terms",1027260826,"7th grade math","Expressions, equations, & inequalities","Combining like terms",1,https://www.khanacademy.org/math/COURSE_SLUG/UNIT_SLUG/LESSON_SLUG/v/combining-like-terms
Video,"introduction-proportional-relationships","Introduction to proportional relationships",xbec0045658d07365,"7th grade math","Proportional relationships","Constant of proportionality",1,https://www.khanacademy.org/math/COURSE_SLUG/UNIT_SLUG/LESSON_SLUG/v/introduction-proportional-relationships
Video,"partial-circle-area-and-arc-length","Partial circle area and arc length",x6f26a88613dd9b5a,"7th grade math","Geometry","Area and circumference of circles",10,https://www.khanacademy.org/math/COURSE_SLUG/UNIT_SLUG/LESSON_SLUG/v/partial-circle-area-and-arc-length
Video,"plotting-inequalities-on-number-line","Plotting inequalities on a number line",xd542624c8cfcf35f,"7th grade math","Expressions, equations, & inequalities","One-step inequalities",0,https://www.khanacademy.org/math/COURSE_SLUG/UNIT_SLUG/LESSON_SLUG/v/plotting-inequalities-on-number-line
Video,"relating-circumference-and-area","Relating circumference and area",x450a23885a563c76,"7th grade math","Geometry","Area and circumference of circles",6,https://www.khanacademy.org/math/COURSE_SLUG/UNIT_SLUG/LESSON_SLUG/v/relating-circumference-and-area
Video,"decimals-and-fractions","Rewriting decimals as fractions: 2.75",1806,"7th grade math","Rates and percentages","Converting fractions to decimals",0,https://www.khanacademy.org/math/COURSE_SLUG/UNIT_SLUG/LESSON_SLUG/v/decimals-and-fractions
Video,"scaled-drawings-worked-examples","Scale drawings ",xcfa89ee54e1b4d14,"7th grade math","Scale copies","Scale drawings",0,https://www.khanacademy.org/math/COURSE_SLUG/UNIT_SLUG/LESSON_SLUG/v/scaled-drawings-worked-examples
Video,"vertical-slice-of-rectangular-pyramid","Slicing a rectangular pyramid",x938fa80f,"7th grade math","Geometry","Slicing geometric shapes",0,https://www.khanacademy.org/math/COURSE_SLUG/UNIT_SLUG/LESSON_SLUG/v/vertical-slice-of-rectangular-pyramid
Video,"proof-vertical-angles-are-equal","Vertical angles are congruent proof",263439066,"7th grade math","Geometry","Vertical, complementary, and supplementary angles",8,https://www.khanacademy.org/math/COURSE_SLUG/UNIT_SLUG/LESSON_SLUG/v/proof-vertical-angles-are-equal
Video,"solid-geometry-volume","Volume of triangular prism & cube",60129394,"7th grade math","Geometry","Volume and surface area word problems",1,https://www.khanacademy.org/math/COURSE_SLUG/UNIT_SLUG/LESSON_SLUG/v/solid-geometry-volume
Video,"example-writing-proportional-equations","Writing proportional equations",xbc9814cbfad8288a,"7th grade math","Proportional relationships","Equations of proportional relationships",3,https://www.khanacademy.org/math/COURSE_SLUG/UNIT_SLUG/LESSON_SLUG/v/example-writing-proportional-equations
Article,"data-and-modeling-faq","Data and modeling: FAQ",x35e7f36cb14c4540,"8th grade math","Data and modeling","Two-way tables",9,https://www.khanacademy.org/math/COURSE_SLUG/UNIT_SLUG/LESSON_SLUG/a/data-and-modeling-faq
Article,"determining-rotations","Determining rotations",xa2d02d35,"8th grade math","Geometric transformations","Rotations",4,https://www.khanacademy.org/math/COURSE_SLUG/UNIT_SLUG/LESSON_SLUG/a/determining-rotations
Article,"determining-translations","Determining translations",xf0f64087,"8th grade math","Geometric transformations","Translations",7,https://www.khanacademy.org/math/COURSE_SLUG/UNIT_SLUG/LESSON_SLUG/a/determining-translations
Article,"distance-formula","Distance formula",x26f36960,"8th grade math","Geometry","Pythagorean theorem and distance between points",1,https://www.khanacademy.org/math/COURSE_SLUG/UNIT_SLUG/LESSON_SLUG/a/distance-formula
Article,"distance-formula-review","Distance formula review",x8053eafb,"8th grade math","Geometry","Pythagorean theorem and distance between points",3,https://www.khanacademy.org/math/COURSE_SLUG/UNIT_SLUG/LESSON_SLUG/a/distance-formula-review
Article,"geometric-transformations-faq","Geometric transformations: FAQ",x039362c53ba43ce6,"8th grade math","Geometric transformations","Congruence and similarity",6,https://www.khanacademy.org/math/COURSE_SLUG/UNIT_SLUG/LESSON_SLUG/a/geometric-transformations-faq
Article,"geometry-8th-faq","Geometry: FAQ",xdc8f23d929990002,"8th grade math","Geometry","Volume",7,https://www.khanacademy.org/math/COURSE_SLUG/UNIT_SLUG/LESSON_SLUG/a/geometry-8th-faq
Article,"graphing-lines-review","Graphing lines from slope-intercept form review",xad74d1c0,"8th grade math","Linear equations and functions","Graphing slope-intercept form",3,https://www.khanacademy.org/math/COURSE_SLUG/UNIT_SLUG/LESSON_SLUG/a/graphing-lines-review
Article,"graphing-slope-intercept-form","Graphing slope-intercept form",x5be5f18b,"8th grade math","Linear equations and functions","Graphing slope-intercept form",1,https://www.khanacademy.org/math/COURSE_SLUG/UNIT_SLUG/LESSON_SLUG/a/graphing-slope-intercept-form
Article,"intercepts-of-lines-review-x-intercepts-and-y-intercepts","Intercepts of lines review (x-intercepts and y-intercepts)",x816e380d,"8th grade math","Linear equations and functions","Intercepts",7,https://www.khanacademy.org/math/COURSE_SLUG/UNIT_SLUG/LESSON_SLUG/a/intercepts-of-lines-review-x-intercepts-and-y-intercepts
Article,"introduction-to-slope-intercept-form","Intro to slope-intercept form",x4b16ff43,"8th grade math","Linear equations and functions","Intro to slope-intercept form",1,https://www.khanacademy.org/math/COURSE_SLUG/UNIT_SLUG/LESSON_SLUG/a/introduction-to-slope-intercept-form
Article,"linear-equations-functions-faq","Linear equations and functions: FAQ",xd8baa1fe32020b26,"8th grade math","Linear equations and functions","Linear and nonlinear functions",7,https://www.khanacademy.org/math/COURSE_SLUG/UNIT_SLUG/LESSON_SLUG/a/linear-equations-functions-faq
Article,"modeling-with-tables-equations-and-graphs","Modeling with tables, equations, and graphs",x2e7913cd,"8th grade math","Linear equations and functions","Linear models",1,https://www.khanacademy.org/math/COURSE_SLUG/UNIT_SLUG/LESSON_SLUG/a/modeling-with-tables-equations-and-graphs
Article,"multi-step-equations-review","Multi-step equations review",xc0cb6278,"8th grade math","Solving equations with one unknown","Equations with parentheses",3,https://www.khanacademy.org/math/COURSE_SLUG/UNIT_SLUG/LESSON_SLUG/a/multi-step-equations-review
Article,"number-of-solutions-to-system-of-equations-review","Number of solutions to system of equations review",xa49a6485,"8th grade math","Systems of equations","Number of solutions to systems of equations",9,https://www.khanacademy.org/math/COURSE_SLUG/UNIT_SLUG/LESSON_SLUG/a/number-of-solutions-to-system-of-equations-review
Article,"numbers-operations-faq","Numbers and operations: FAQ",x209226ee6bb88b5e,"8th grade math","Numbers and operations","Scientific notation word problems",4,https://www.khanacademy.org/math/COURSE_SLUG/UNIT_SLUG/LESSON_SLUG/a/numbers-operations-faq
Article,"reflecting-shapes","Reflecting shapes",xcb37cb7e,"8th grade math","Geometric transformations","Reflections",3,https://www.khanacademy.org/math/COURSE_SLUG/UNIT_SLUG/LESSON_SLUG/a/reflecting-shapes
Article,"intro-to-rotations","Rotations intro",x6a67575c,"8th grade math","Geometric transformations","Rotations",1,https://www.khanacademy.org/math/COURSE_SLUG/UNIT_SLUG/LESSON_SLUG/a/intro-to-rotations
Article,"scientific-notation-review","Scientific notation review",x90a6d418,"8th grade math","Numbers and operations","Scientific notation intro",3,https://www.khanacademy.org/math/COURSE_SLUG/UNIT_SLUG/LESSON_SLUG/a/scientific-notation-review
Article,"slope-review","Slope review",xb456eda5,"8th grade math","Linear equations and functions","Slope",14,https://www.khanacademy.org/math/COURSE_SLUG/UNIT_SLUG/LESSON_SLUG/a/slope-review
Article,"slope-intercept-form-review","Slope-intercept form review",xb62b735b,"8th grade math","Linear equations and functions","Writing slope-intercept equations",8,https://www.khanacademy.org/math/COURSE_SLUG/UNIT_SLUG/LESSON_SLUG/a/slope-intercept-form-review
Article,"solving-equations-one-unknown-faq","Solving equations with one unknown: FAQ",x1466d06cd0217ed4,"8th grade math","Solving equations with one unknown","Equations word problems",3,https://www.khanacademy.org/math/COURSE_SLUG/UNIT_SLUG/LESSON_SLUG/a/solving-equations-one-unknown-faq
Article,"substitution-method-review-systems-of-equations","Substitution method review (systems of equations)",xad3f862e,"8th grade math","Systems of equations","Solving systems with substitution",8,https://www.khanacademy.org/math/COURSE_SLUG/UNIT_SLUG/LESSON_SLUG/a/substitution-method-review-systems-of-equations
Article,"systems-equations-faq","Systems of equations: FAQ",xae754ae71d46c263,"8th grade math","Systems of equations","Systems of equations word problems",9,https://www.khanacademy.org/math/COURSE_SLUG/UNIT_SLUG/LESSON_SLUG/a/systems-equations-faq
Article,"translating-shapes","Translating shapes",x4007742d,"8th grade math","Geometric transformations","Translations",4,https://www.khanacademy.org/math/COURSE_SLUG/UNIT_SLUG/LESSON_SLUG/a/translating-shapes
Article,"intro-to-translations","Translations intro",xece7b16d,"8th grade math","Geometric transformations","Translations",1,https://www.khanacademy.org/math/COURSE_SLUG/UNIT_SLUG/LESSON_SLUG/a/intro-to-translations
Article,"writing-slope-intercept-equations","Writing slope-intercept equations",x45658579,"8th grade math","Linear equations and functions","Writing slope-intercept equations",1,https://www.khanacademy.org/math/COURSE_SLUG/UNIT_SLUG/LESSON_SLUG/a/writing-slope-intercept-equations
Exercise,"age_word_problems","Age word problems",2014,"8th grade math","Systems of equations","Systems of equations word problems",0,https://www.khanacademy.org/math/COURSE_SLUG/UNIT_SLUG/LESSON_SLUG/e/age_word_problems
Exercise,"recognizing-rational-and-irrational-numbers","Classify numbers: rational & irrational",x4eaeba29,"8th grade math","Numbers and operations","Irrational numbers",0,https://www.khanacademy.org/math/COURSE_SLUG/UNIT_SLUG/LESSON_SLUG/e/recognizing-rational-and-irrational-numbers
Exercise,"graphing-solutions-to-two-variable-linear-equations","Complete solutions to 2-variable equations",xca68546c,"8th grade math","Linear equations and functions","Solutions to linear equations",1,https://www.khanacademy.org/math/COURSE_SLUG/UNIT_SLUG/LESSON_SLUG/e/graphing-solutions-to-two-variable-linear-equations
Exercise,"exploring-rigid-transformations-and-congruence","Congruence & transformations",x70bbe456,"8th grade math","Geometric transformations","Congruence and similarity",0,https://www.khanacademy.org/math/COURSE_SLUG/UNIT_SLUG/LESSON_SLUG/e/exploring-rigid-transformations-and-congruence
Exercise,"cube_roots","Cube roots",720817477,"8th grade math","Numbers and operations","Square roots & cube roots",1,https://www.khanacademy.org/math/COURSE_SLUG/UNIT_SLUG/LESSON_SLUG/e/cube_roots
Exercise,"determine-reflections","Determine reflections",xdf3a8f05dc7050c2,"8th grade math","Geometric transformations","Reflections",2,https://www.khanacademy.org/math/COURSE_SLUG/UNIT_SLUG/LESSON_SLUG/e/determine-reflections
Exercise,"defining-translations","Determine translations",xdf41b006,"8th grade math","Geometric transformations","Translations",2,https://www.khanacademy.org/math/COURSE_SLUG/UNIT_SLUG/LESSON_SLUG/e/defining-translations
Exercise,"performing-dilations","Dilate points",xa5ae2f47,"8th grade math","Geometric transformations","Dilations",0,https://www.khanacademy.org/math/COURSE_SLUG/UNIT_SLUG/LESSON_SLUG/e/performing-dilations
Exercise,"dilations","Dilate triangles",x9801d788,"8th grade math","Geometric transformations","Dilations",2,https://www.khanacademy.org/math/COURSE_SLUG/UNIT_SLUG/LESSON_SLUG/e/dilations
Exercise,"dilations-preserved-properties","Dilations and properties",xf92c041272da13a0,"8th grade math","Geometric transformations","Dilations",3,https://www.khanacademy.org/math/COURSE_SLUG/UNIT_SLUG/LESSON_SLUG/e/dilations-preserved-properties
Exercise,"defining-dilations-2","Dilations: scale factor",x55264a3a,"8th grade math","Geometric transformations","Dilations",1,https://www.khanacademy.org/math/COURSE_SLUG/UNIT_SLUG/LESSON_SLUG/e/defining-dilations-2
Exercise,"distance_formula","Distance between two points",4514693,"8th grade math","Geometry","Pythagorean theorem and distance between points",0,https://www.khanacademy.org/math/COURSE_SLUG/UNIT_SLUG/LESSON_SLUG/e/distance_formula
Exercise,"multistep_equations_with_distribution","Equations with parentheses",1106131470,"8th grade math","Solving equations with one unknown","Equations with parentheses",0,https://www.khanacademy.org/math/COURSE_SLUG/UNIT_SLUG/LESSON_SLUG/e/multistep_equations_with_distribution
Exercise,"multi-step-equations-rational","Equations with parentheses: decimals & fractions",x799738ed,"8th grade math","Solving equations with one unknown","Equations with parentheses",1,https://www.khanacademy.org/math/COURSE_SLUG/UNIT_SLUG/LESSON_SLUG/e/multi-step-equations-rational
Exercise,"linear_equations_3","Equations with variables on both sides",3022,"8th grade math","Solving equations with one unknown","Equations with variables on both sides",0,https://www.khanacademy.org/math/COURSE_SLUG/UNIT_SLUG/LESSON_SLUG/e/linear_equations_3
Exercise,"variables-on-both-sides-rational","Equations with variables on both sides: decimals & fractions",xd718d314,"8th grade math","Solving equations with one unknown","Equations with variables on both sides",1,https://www.khanacademy.org/math/COURSE_SLUG/UNIT_SLUG/LESSON_SLUG/e/variables-on-both-sides-rational
Exercise,"find-angles-in-isosceles-triangles","Find angles in isosceles triangles",x7e85fcf8,"8th grade math","Geometry","Triangle angles",1,https://www.khanacademy.org/math/COURSE_SLUG/UNIT_SLUG/LESSON_SLUG/e/find-angles-in-isosceles-triangles
Exercise,"find-measures-using-rigid-transformations","Find measures using rigid transformations",x83acf06e0bb1fef4,"8th grade math","Geometric transformations","Properties & definitions of transformations",0,https://www.khanacademy.org/math/COURSE_SLUG/UNIT_SLUG/LESSON_SLUG/e/find-measures-using-rigid-transformations
Exercise,"graph-from-slope-intercept-equation","Graph from slope-intercept form",x5276cbb9,"8th grade math","Linear equations and functions","Graphing slope-intercept form",0,https://www.khanacademy.org/math/COURSE_SLUG/UNIT_SLUG/LESSON_SLUG/e/graph-from-slope-intercept-equation
Exercise,"graphing-linear-functions-word-problems","Graphing linear relationships word problems",x8e2f5884,"8th grade math","Linear equations and functions","Constructing linear models for real-world relationships",0,https://www.khanacademy.org/math/COURSE_SLUG/UNIT_SLUG/LESSON_SLUG/e/graphing-linear-functions-word-problems
Exercise,"identify-transformations","Identify transformations ",xbc7109f815e04e37,"8th grade math","Geometric transformations","Transformations intro",0,https://www.khanacademy.org/math/COURSE_SLUG/UNIT_SLUG/LESSON_SLUG/e/identify-transformations
Exercise,"linear-function-intercepts","Intercepts from a graph",x0c785dda,"8th grade math","Linear equations and functions","Intercepts",0,https://www.khanacademy.org/math/COURSE_SLUG/UNIT_SLUG/LESSON_SLUG/e/linear-function-intercepts
Exercise,"solving_for_the_x-intercept","Intercepts from an equation",371630407,"8th grade math","Linear equations and functions","Intercepts",1,https://www.khanacademy.org/math/COURSE_SLUG/UNIT_SLUG/LESSON_SLUG/e/solving_for_the_x-intercept
Exercise,"interpreting-linear-graphs","Linear equations word problems: graphs",xb1b4893a,"8th grade math","Linear equations and functions","Linear models",0,https://www.khanacademy.org/math/COURSE_SLUG/UNIT_SLUG/LESSON_SLUG/e/interpreting-linear-graphs
Exercise,"constructing-and-interpreting-linear-functions","Linear models word problems",x73fba34a,"8th grade math","Linear equations and functions","Linear models",2,https://www.khanacademy.org/math/COURSE_SLUG/UNIT_SLUG/LESSON_SLUG/e/constructing-and-interpreting-linear-functions
Exercise,"mapping-shapes","Mapping shapes",x114ce6954e61c9df,"8th grade math","Geometric transformations","Properties & definitions of transformations",2,https://www.khanacademy.org/math/COURSE_SLUG/UNIT_SLUG/LESSON_SLUG/e/mapping-shapes
Exercise,"exponent_rules","Multiply & divide powers (integer exponents)",2022,"8th grade math","Numbers and operations","Exponent properties (integer exponents)",0,https://www.khanacademy.org/math/COURSE_SLUG/UNIT_SLUG/LESSON_SLUG/e/exponent_rules
Exercise,"constructing-consistent-and-inconsistent-system","Number of solutions to a system of equations algebraically",xb99abb79,"8th grade math","Systems of equations","Number of solutions to systems of equations",1,https://www.khanacademy.org/math/COURSE_SLUG/UNIT_SLUG/LESSON_SLUG/e/constructing-consistent-and-inconsistent-system
Exercise,"graphical-solutions-to-systems","Number of solutions to a system of equations graphically",x62f8a7e5,"8th grade math","Systems of equations","Number of solutions to systems of equations",0,https://www.khanacademy.org/math/COURSE_SLUG/UNIT_SLUG/LESSON_SLUG/e/graphical-solutions-to-systems
Exercise,"solutions-to-linear-equations","Number of solutions to equations",x0c18d180,"8th grade math","Solving equations with one unknown","Number of solutions to equations",0,https://www.khanacademy.org/math/COURSE_SLUG/UNIT_SLUG/LESSON_SLUG/e/solutions-to-linear-equations
Exercise,"complete-equations-according-to-solutions","Number of solutions to equations challenge",x7a036a2f,"8th grade math","Solving equations with one unknown","Number of solutions to equations",1,https://www.khanacademy.org/math/COURSE_SLUG/UNIT_SLUG/LESSON_SLUG/e/complete-equations-according-to-solutions
Exercise,"powers-of-powers-int-exp","Powers of products & quotients (integer exponents)",x56abe603d0fb90f4,"8th grade math","Numbers and operations","Exponent properties (integer exponents)",1,https://www.khanacademy.org/math/COURSE_SLUG/UNIT_SLUG/LESSON_SLUG/e/powers-of-powers-int-exp
Exercise,"pythagorean-theorem-in-3d","Pythagorean theorem in 3D",x15318664,"8th grade math","Geometry","Pythagorean theorem application",3,https://www.khanacademy.org/math/COURSE_SLUG/UNIT_SLUG/LESSON_SLUG/e/pythagorean-theorem-in-3d
Exercise,"recog-func-2","Recognize functions from graphs",xe3f06745,"8th grade math","Linear equations and functions","Recognizing functions",1,https://www.khanacademy.org/math/COURSE_SLUG/UNIT_SLUG/LESSON_SLUG/e/recog-func-2
Exercise,"recognizing_functions","Recognize functions from tables",xe051d459,"8th grade math","Linear equations and functions","Recognizing functions",0,https://www.khanacademy.org/math/COURSE_SLUG/UNIT_SLUG/LESSON_SLUG/e/recognizing_functions
Exercise,"performing-reflections-on-the-coordinate-plane","Reflect points",xbdeb6941,"8th grade math","Geometric transformations","Reflections",0,https://www.khanacademy.org/math/COURSE_SLUG/UNIT_SLUG/LESSON_SLUG/e/performing-reflections-on-the-coordinate-plane
Exercise,"reflections-1","Reflect shapes",x53e22195,"8th grade math","Geometric transformations","Reflections",1,https://www.khanacademy.org/math/COURSE_SLUG/UNIT_SLUG/LESSON_SLUG/e/reflections-1
Exercise,"transformation-preserved-properties","Rigid transformations: preserved properties",xd2a53a11cb23d3c2,"8th grade math","Geometric transformations","Properties & definitions of transformations",1,https://www.khanacademy.org/math/COURSE_SLUG/UNIT_SLUG/LESSON_SLUG/e/transformation-preserved-properties
Exercise,"roots-of-decimals-and-fractions","Roots of decimals & fractions",xbce1cca8,"8th grade math","Numbers and operations","Square roots & cube roots",3,https://www.khanacademy.org/math/COURSE_SLUG/UNIT_SLUG/LESSON_SLUG/e/roots-of-decimals-and-fractions
Exercise,"exploring-angle-preserving-transformations-and-similarity","Similarity & transformations",xd977e63d,"8th grade math","Geometric transformations","Congruence and similarity",1,https://www.khanacademy.org/math/COURSE_SLUG/UNIT_SLUG/LESSON_SLUG/e/exploring-angle-preserving-transformations-and-similarity
Exercise,"slope-from-an-equation-in-standard-form","Slope from equation",xa7ed1000,"8th grade math","Linear equations and functions","Slope",2,https://www.khanacademy.org/math/COURSE_SLUG/UNIT_SLUG/LESSON_SLUG/e/slope-from-an-equation-in-standard-form
Exercise,"slope-from-a-graph","Slope from graph",x5106980e,"8th grade math","Linear equations and functions","Slope",0,https://www.khanacademy.org/math/COURSE_SLUG/UNIT_SLUG/LESSON_SLUG/e/slope-from-a-graph
Exercise,"slope-intercept-equation-from-graph","Slope-intercept equation from graph",x9243e3be,"8th grade math","Linear equations and functions","Writing slope-intercept equations",0,https://www.khanacademy.org/math/COURSE_SLUG/UNIT_SLUG/LESSON_SLUG/e/slope-intercept-equation-from-graph
Exercise,"slope-intercept-equation-from-two-points","Slope-intercept from two points",x2ea83e06,"8th grade math","Linear equations and functions","Writing slope-intercept equations",1,https://www.khanacademy.org/math/COURSE_SLUG/UNIT_SLUG/LESSON_SLUG/e/slope-intercept-equation-from-two-points
Exercise,"slope-from-an-equation-in-slope-intercept-form","Slope-intercept intro",x098c8f08,"8th grade math","Linear equations and functions","Intro to slope-intercept form",0,https://www.khanacademy.org/math/COURSE_SLUG/UNIT_SLUG/LESSON_SLUG/e/slope-from-an-equation-in-slope-intercept-form
Exercise,"verifying-solutions-to-systems-of-equations","Solutions of systems of equations",xf9d33a27,"8th grade math","Systems of equations","Intro to systems of equations",0,https://www.khanacademy.org/math/COURSE_SLUG/UNIT_SLUG/LESSON_SLUG/e/verifying-solutions-to-systems-of-equations
Exercise,"plugging_in_values","Solutions to 2-variable equations",371628196,"8th grade math","Linear equations and functions","Solutions to linear equations",0,https://www.khanacademy.org/math/COURSE_SLUG/UNIT_SLUG/LESSON_SLUG/e/plugging_in_values
Exercise,"square_roots","Square roots",720948123,"8th grade math","Numbers and operations","Square roots & cube roots",0,https://www.khanacademy.org/math/COURSE_SLUG/UNIT_SLUG/LESSON_SLUG/e/square_roots
Exercise,"graphing_systems_of_equations","Systems of equations with graphing",357485849,"8th grade math","Systems of equations","Systems of equations with graphing",0,https://www.khanacademy.org/math/COURSE_SLUG/UNIT_SLUG/LESSON_SLUG/e/graphing_systems_of_equations
Exercise,"systems_of_equations_with_substitution","Systems of equations with substitution",426633747,"8th grade math","Systems of equations","Solving systems with substitution",0,https://www.khanacademy.org/math/COURSE_SLUG/UNIT_SLUG/LESSON_SLUG/e/systems_of_equations_with_substitution
Exercise,"understanding-systems-of-equations-word-problems","Systems of equations word problems",x457f20a9,"8th grade math","Systems of equations","Systems of equations word problems",1,https://www.khanacademy.org/math/COURSE_SLUG/UNIT_SLUG/LESSON_SLUG/e/understanding-systems-of-equations-word-problems
Exercise,"performing-translations-on-the-coordinate-plane","Translate points",x73c74d82,"8th grade math","Geometric transformations","Translations",0,https://www.khanacademy.org/math/COURSE_SLUG/UNIT_SLUG/LESSON_SLUG/e/performing-translations-on-the-coordinate-plane
Exercise,"translations","Translate shapes",xe837b7c1,"8th grade math","Geometric transformations","Translations",1,https://www.khanacademy.org/math/COURSE_SLUG/UNIT_SLUG/LESSON_SLUG/e/translations
Video,"ex-1-age-word-problem","Age word problem: Arman & Diya",1242638298,"8th grade math","Systems of equations","Systems of equations word problems",2,https://www.khanacademy.org/math/COURSE_SLUG/UNIT_SLUG/LESSON_SLUG/v/ex-1-age-word-problem
Video,"ex-3-age-word-problem","Age word problem: Ben & William",1242500916,"8th grade math","Systems of equations","Systems of equations word problems",1,https://www.khanacademy.org/math/COURSE_SLUG/UNIT_SLUG/LESSON_SLUG/v/ex-3-age-word-problem
Video,"ex-2-age-word-problem","Age word problem: Imran",1242705398,"8th grade math","Systems of equations","Systems of equations word problems",0,https://www.khanacademy.org/math/COURSE_SLUG/UNIT_SLUG/LESSON_SLUG/v/ex-2-age-word-problem
Video,"proof-sum-of-measures-of-angles-in-a-triangle-are-180","Angles in a triangle sum to 180Â° proof",265540637,"8th grade math","Geometry","Triangle angles",0,https://www.khanacademy.org/math/COURSE_SLUG/UNIT_SLUG/LESSON_SLUG/v/proof-sum-of-measures-of-angles-in-a-triangle-are-180
Video,"another-pythagorean-theorem-proof","Another Pythagorean theorem proof",1199568849,"8th grade math","Geometry","Pythagorean theorem proofs",3,https://www.khanacademy.org/math/COURSE_SLUG/UNIT_SLUG/LESSON_SLUG/v/another-pythagorean-theorem-proof
Video,"bhaskara-s-proof-of-pythagorean-theorem-avi","Bhaskara's proof of the Pythagorean theorem",1199369003,"8th grade math","Geometry","Pythagorean theorem proofs",1,https://www.khanacademy.org/math/COURSE_SLUG/UNIT_SLUG/LESSON_SLUG/v/bhaskara-s-proof-of-pythagorean-theorem-avi
Video,"recognizing-irrational-numbers","Classifying numbers: rational & irrational",x00ce2e4a,"8th grade math","Numbers and operations","Irrational numbers",1,https://www.khanacademy.org/math/COURSE_SLUG/UNIT_SLUG/LESSON_SLUG/v/recognizing-irrational-numbers
Video,"comparing-features-of-functions-2","Comparing linear functions word problem: climb",x6b95f0e9,"8th grade math","Linear equations and functions","Comparing linear functions",4,https://www.khanacademy.org/math/COURSE_SLUG/UNIT_SLUG/LESSON_SLUG/v/comparing-features-of-functions-2
Video,"comparing-features-of-functions-4","Comparing linear functions word problem: walk",xda657261,"8th grade math","Linear equations and functions","Comparing linear functions",5,https://www.khanacademy.org/math/COURSE_SLUG/UNIT_SLUG/LESSON_SLUG/v/comparing-features-of-functions-4
Video,"comparing-features-of-functions-6","Comparing linear functions word problem: work",x09dee3a1,"8th grade math","Linear equations and functions","Comparing linear functions",6,https://www.khanacademy.org/math/COURSE_SLUG/UNIT_SLUG/LESSON_SLUG/v/comparing-features-of-functions-6
Video,"graphing-solutions-to-2-variable-linear-equations-1","Completing solutions to 2-variable equations",x7686ff2c,"8th grade math","Linear equations and functions","Solutions to linear equations",4,https://www.khanacademy.org/math/COURSE_SLUG/UNIT_SLUG/LESSON_SLUG/v/graphing-solutions-to-2-variable-linear-equations-1
Video,"testing-congruence-by-transformations-example","Congruent shapes & transformations",xdfa0c35c,"8th grade math","Geometric transformations","Congruence and similarity",0,https://www.khanacademy.org/math/COURSE_SLUG/UNIT_SLUG/LESSON_SLUG/v/testing-congruence-by-transformations-example
Video,"number-of-solutions-to-linear-equations-ex-3","Creating an equation with infinitely many solutions",xdfacc6f3,"8th grade math","Solving equations with one unknown","Number of solutions to equations",4,https://www.khanacademy.org/math/COURSE_SLUG/UNIT_SLUG/LESSON_SLUG/v/number-of-solutions-to-linear-equations-ex-3
Video,"number-of-solutions-to-linear-equations-ex-2","Creating an equation with no solutions",x62c9e8fa,"8th grade math","Solving equations with one unknown","Number of solutions to equations",3,https://www.khanacademy.org/math/COURSE_SLUG/UNIT_SLUG/LESSON_SLUG/v/number-of-solutions-to-linear-equations-ex-2
Video,"cylinder-volume-and-surface-area","Cylinder volume & surface area",60129395,"8th grade math","Geometry","Volume",0,https://www.khanacademy.org/math/COURSE_SLUG/UNIT_SLUG/LESSON_SLUG/v/cylinder-volume-and-surface-area
Video,"determining-reflections","Determining reflections",xae5156462a07bf1d,"8th grade math","Geometric transformations","Reflections",5,https://www.khanacademy.org/math/COURSE_SLUG/UNIT_SLUG/LESSON_SLUG/v/determining-reflections
Video,"defining-rotation-example","Determining rotations",x5a934725,"8th grade math","Geometric transformations","Rotations",3,https://www.khanacademy.org/math/COURSE_SLUG/UNIT_SLUG/LESSON_SLUG/v/defining-rotation-example
Video,"formal-translation-tool-example","Determining translations",x38f28d5c,"8th grade math","Geometric transformations","Translations",6,https://www.khanacademy.org/math/COURSE_SLUG/UNIT_SLUG/LESSON_SLUG/v/formal-translation-tool-example
Video,"dilating-points-example","Dilating points",xd9ea6a29c4a9812f,"8th grade math","Geometric transformations","Dilations",0,https://www.khanacademy.org/math/COURSE_SLUG/UNIT_SLUG/LESSON_SLUG/v/dilating-points-example
Video,"thinking-about-dilations","Dilating shapes: expanding",x1854dd51,"8th grade math","Geometric transformations","Dilations",4,https://www.khanacademy.org/math/COURSE_SLUG/UNIT_SLUG/LESSON_SLUG/v/thinking-about-dilations
Video,"scaling-down-a-triangle-by-half","Dilating shapes: shrinking by 1/2",x86399361,"8th grade math","Geometric transformations","Dilations",5,https://www.khanacademy.org/math/COURSE_SLUG/UNIT_SLUG/LESSON_SLUG/v/scaling-down-a-triangle-by-half
Video,"dilations-and-properties","Dilations and properties",xb836462d55b30b93,"8th grade math","Geometric transformations","Dilations",7,https://www.khanacademy.org/math/COURSE_SLUG/UNIT_SLUG/LESSON_SLUG/v/dilations-and-properties
Video,"dilations-intro","Dilations intro",x4095f44e644d564a,"8th grade math","Geometric transformations","Transformations intro",1,https://www.khanacademy.org/math/COURSE_SLUG/UNIT_SLUG/LESSON_SLUG/v/dilations-intro
Video,"dilation-scale-factor","Dilations: scale factor",x76dc81a4313d7166,"8th grade math","Geometric transformations","Dilations",2,https://www.khanacademy.org/math/COURSE_SLUG/UNIT_SLUG/LESSON_SLUG/v/dilation-scale-factor
Video,"distance-formula","Distance formula",23756,"8th grade math","Geometry","Pythagorean theorem and distance between points",0,https://www.khanacademy.org/math/COURSE_SLUG/UNIT_SLUG/LESSON_SLUG/v/distance-formula
Video,"recognizing-functions-example-2","Does a vertical line represent a function?",x5b15777f,"8th grade math","Linear equations and functions","Recognizing functions",7,https://www.khanacademy.org/math/COURSE_SLUG/UNIT_SLUG/LESSON_SLUG/v/recognizing-functions-example-2
Video,"ex-2-multi-step-equation","Equation with the variable in the denominator",1242815904,"8th grade math","Solving equations with one unknown","Equations with variables on both sides",5,https://www.khanacademy.org/math/COURSE_SLUG/UNIT_SLUG/LESSON_SLUG/v/ex-2-multi-step-equation
Video,"solving-equations-with-the-distributive-property-2","Equation with variables on both sides: fractions",26780,"8th grade math","Solving equations with one unknown","Equations with variables on both sides",3,https://www.khanacademy.org/math/COURSE_SLUG/UNIT_SLUG/LESSON_SLUG/v/solving-equations-with-the-distributive-property-2
Video,"difference-between-equations-and-functions","Equations vs. functions",1254705646,"8th grade math","Linear equations and functions","Functions",6,https://www.khanacademy.org/math/COURSE_SLUG/UNIT_SLUG/LESSON_SLUG/v/difference-between-equations-and-functions
Video,"solving-equations-with-the-distributive-property","Equations with parentheses",26779,"8th grade math","Solving equations with one unknown","Equations with parentheses",0,https://www.khanacademy.org/math/COURSE_SLUG/UNIT_SLUG/LESSON_SLUG/v/solving-equations-with-the-distributive-property
Video,"solving-equations-2","Equations with variables on both sides: 20-7x=6x-6",26778,"8th grade math","Solving equations with one unknown","Equations with variables on both sides",1,https://www.khanacademy.org/math/COURSE_SLUG/UNIT_SLUG/LESSON_SLUG/v/solving-equations-2
Video,"example-estimating-from-regression-line","Estimating with linear regression (linear models)",xdc4d346d7f8b65c6,"8th grade math","Data and modeling","Estimating lines of best fit",4,https://www.khanacademy.org/math/COURSE_SLUG/UNIT_SLUG/LESSON_SLUG/v/example-estimating-from-regression-line
Video,"finding-measures-using-rigid-transformations","Finding measures using rigid transformations",x9324fd9746376a81,"8th grade math","Geometric transformations","Properties & definitions of transformations",0,https://www.khanacademy.org/math/COURSE_SLUG/UNIT_SLUG/LESSON_SLUG/v/finding-measures-using-rigid-transformations
Video,"fitting-a-line-to-data","Fitting a line to data",23654,"8th grade math","Linear equations and functions","Linear models",10,https://www.khanacademy.org/math/COURSE_SLUG/UNIT_SLUG/LESSON_SLUG/v/fitting-a-line-to-data
Video,"understanding-function-notation-example-3","Function notation example",x5860a542,"8th grade math","Linear equations and functions","Functions",2,https://www.khanacademy.org/math/COURSE_SLUG/UNIT_SLUG/LESSON_SLUG/v/understanding-function-notation-example-3
Video,"garfield-s-proof-of-the-pythagorean-theorem","Garfield's proof of the Pythagorean theorem",1199652424,"8th grade math","Geometry","Pythagorean theorem proofs",0,https://www.khanacademy.org/math/COURSE_SLUG/UNIT_SLUG/LESSON_SLUG/v/garfield-s-proof-of-the-pythagorean-theorem
Video,"graphing-a-line-in-slope-intercept-form","Graph from slope-intercept equation",26804,"8th grade math","Linear equations and functions","Graphing slope-intercept form",0,https://www.khanacademy.org/math/COURSE_SLUG/UNIT_SLUG/LESSON_SLUG/v/graphing-a-line-in-slope-intercept-form
Video,"understanding-systems-of-equations-example-2","How many solutions does a system of linear equations have if there are at least two?",x2a69cbaa,"8th grade math","Systems of equations","Number of solutions to systems of equations",8,https://www.khanacademy.org/math/COURSE_SLUG/UNIT_SLUG/LESSON_SLUG/v/understanding-systems-of-equations-example-2
Video,"identifying-transformations","Identifying transformations",x3d83ba250d08dc20,"8th grade math","Geometric transformations","Transformations intro",2,https://www.khanacademy.org/math/COURSE_SLUG/UNIT_SLUG/LESSON_SLUG/v/identifying-transformations
Video,"finding-intercepts-for-a-linear-function-from-a-table","Intercepts from a table",xe3701afe,"8th grade math","Linear equations and functions","Intercepts",5,https://www.khanacademy.org/math/COURSE_SLUG/UNIT_SLUG/LESSON_SLUG/v/finding-intercepts-for-a-linear-function-from-a-table
Video,"x-and-y-intercepts","Intercepts from an equation",26802,"8th grade math","Linear equations and functions","Intercepts",3,https://www.khanacademy.org/math/COURSE_SLUG/UNIT_SLUG/LESSON_SLUG/v/x-and-y-intercepts
Video,"introduction-to-cube-roots","Intro to cube roots",x63d365e2,"8th grade math","Numbers and operations","Square roots & cube roots",3,https://www.khanacademy.org/math/COURSE_SLUG/UNIT_SLUG/LESSON_SLUG/v/introduction-to-cube-roots
Video,"equations-3","Intro to equations with variables on both sides",9,"8th grade math","Solving equations with one unknown","Equations with variables on both sides",0,https://www.khanacademy.org/math/COURSE_SLUG/UNIT_SLUG/LESSON_SLUG/v/equations-3
Video,"introduction-to-intercepts","Intro to intercepts",x9cb60d6a,"8th grade math","Linear equations and functions","Intercepts",0,https://www.khanacademy.org/math/COURSE_SLUG/UNIT_SLUG/LESSON_SLUG/v/introduction-to-intercepts
Video,"introduction-to-rational-and-irrational-numbers","Intro to rational & irrational numbers",x2d1f5fa7,"8th grade math","Numbers and operations","Irrational numbers",0,https://www.khanacademy.org/math/COURSE_SLUG/UNIT_SLUG/LESSON_SLUG/v/introduction-to-rational-and-irrational-numbers
Video,"introduction-to-slope","Intro to slope",xf91ad68e,"8th grade math","Linear equations and functions","Slope",0,https://www.khanacademy.org/math/COURSE_SLUG/UNIT_SLUG/LESSON_SLUG/v/introduction-to-slope
Video,"slope-intercept-form","Intro to slope-intercept form",x989ab2a9,"8th grade math","Linear equations and functions","Intro to slope-intercept form",0,https://www.khanacademy.org/math/COURSE_SLUG/UNIT_SLUG/LESSON_SLUG/v/slope-intercept-form
Video,"introduction-to-square-roots","Intro to square roots",xa58e57f6,"8th grade math","Numbers and operations","Square roots & cube roots",0,https://www.khanacademy.org/math/COURSE_SLUG/UNIT_SLUG/LESSON_SLUG/v/introduction-to-square-roots
Video,"descartes-and-cartesian-coordinates","Intro to the coordinate plane",578962249,"8th grade math","Linear equations and functions","Solutions to linear equations",0,https://www.khanacademy.org/math/COURSE_SLUG/UNIT_SLUG/LESSON_SLUG/v/descartes-and-cartesian-coordinates
Video,"equilateral-and-isosceles-example-problems","Isosceles & equilateral triangles problems",281570418,"8th grade math","Geometry","Triangle angles",2,https://www.khanacademy.org/math/COURSE_SLUG/UNIT_SLUG/LESSON_SLUG/v/equilateral-and-isosceles-example-problems
Video,"slope-example","Linear equations word problems: earnings",26801,"8th grade math","Linear equations and functions","Linear models",4,https://www.khanacademy.org/math/COURSE_SLUG/UNIT_SLUG/LESSON_SLUG/v/slope-example
Video,"interpreting-features-of-linear-functions-example-2","Linear equations word problems: volcano",x77591b48,"8th grade math","Linear equations and functions","Linear models",3,https://www.khanacademy.org/math/COURSE_SLUG/UNIT_SLUG/LESSON_SLUG/v/interpreting-features-of-linear-functions-example-2
Video,"application-problem-with-graph","Linear function example: spending money",33752750,"8th grade math","Linear equations and functions","Linear models",8,https://www.khanacademy.org/math/COURSE_SLUG/UNIT_SLUG/LESSON_SLUG/v/application-problem-with-graph
Video,"graphing-linear-functions-1","Linear functions word problem: fuel",xe11cda5c,"8th grade math","Linear equations and functions","Constructing linear models for real-world relationships",0,https://www.khanacademy.org/math/COURSE_SLUG/UNIT_SLUG/LESSON_SLUG/v/graphing-linear-functions-1
Video,"constructing-linear-functions-1","Linear functions word problem: iceberg",x32996275,"8th grade math","Linear equations and functions","Constructing linear models for real-world relationships",4,https://www.khanacademy.org/math/COURSE_SLUG/UNIT_SLUG/LESSON_SLUG/v/constructing-linear-functions-1
Video,"constructing-linear-functions-2","Linear functions word problem: paint",x40f2b455,"8th grade math","Linear equations and functions","Constructing linear models for real-world relationships",5,https://www.khanacademy.org/math/COURSE_SLUG/UNIT_SLUG/LESSON_SLUG/v/constructing-linear-functions-2
Video,"graphing-linear-functions-2","Linear functions word problem: pool",x5a10148b,"8th grade math","Linear equations and functions","Constructing linear models for real-world relationships",1,https://www.khanacademy.org/math/COURSE_SLUG/UNIT_SLUG/LESSON_SLUG/v/graphing-linear-functions-2
Video,"interpreting-features-of-linear-functions-example","Linear graphs word problem: cats",x97976348,"8th grade math","Linear equations and functions","Linear models",2,https://www.khanacademy.org/math/COURSE_SLUG/UNIT_SLUG/LESSON_SLUG/v/interpreting-features-of-linear-functions-example
Video,"interpreting-linear-graphs","Linear graphs word problems",370285953,"8th grade math","Linear equations and functions","Linear models",0,https://www.khanacademy.org/math/COURSE_SLUG/UNIT_SLUG/LESSON_SLUG/v/interpreting-linear-graphs
Video,"solving-for-a-variable-2","Manipulating formulas: temperature",26783,"8th grade math","Linear equations and functions","Functions",7,https://www.khanacademy.org/math/COURSE_SLUG/UNIT_SLUG/LESSON_SLUG/v/solving-for-a-variable-2
Video,"mapping-shapes","Mapping shapes",x43371bfd817e219c,"8th grade math","Geometric transformations","Properties & definitions of transformations",4,https://www.khanacademy.org/math/COURSE_SLUG/UNIT_SLUG/LESSON_SLUG/v/mapping-shapes
Video,"word-problem-solving-4","Modeling with linear equations: gym membership & lemonade",23644,"8th grade math","Linear equations and functions","Constructing linear models for real-world relationships",2,https://www.khanacademy.org/math/COURSE_SLUG/UNIT_SLUG/LESSON_SLUG/v/word-problem-solving-4
Video,"exploring-linear-relationships","Modeling with linear equations: snow",26797,"8th grade math","Linear equations and functions","Linear models",5,https://www.khanacademy.org/math/COURSE_SLUG/UNIT_SLUG/LESSON_SLUG/v/exploring-linear-relationships
Video,"multiplying-and-dividing-powers-with-integer-exponents","Multiplying & dividing powers (integer exponents)",x51aac3781797c497,"8th grade math","Numbers and operations","Exponent properties (integer exponents)",0,https://www.khanacademy.org/math/COURSE_SLUG/UNIT_SLUG/LESSON_SLUG/v/multiplying-and-dividing-powers-with-integer-exponents
Video,"another-congruence-by-transformation-example","Non-congruent shapes & transformations",x5172fee3,"8th grade math","Geometric transformations","Congruence and similarity",1,https://www.khanacademy.org/math/COURSE_SLUG/UNIT_SLUG/LESSON_SLUG/v/another-congruence-by-transformation-example
Video,"solving-systems-by-graphing-2","Number of solutions to a system of equations",26876,"8th grade math","Systems of equations","Number of solutions to systems of equations",3,https://www.khanacademy.org/math/COURSE_SLUG/UNIT_SLUG/LESSON_SLUG/v/solving-systems-by-graphing-2
Video,"examples-algebraically-analyzing-solutions-to-systems","Number of solutions to a system of equations algebraically",x7a8c8c42,"8th grade math","Systems of equations","Number of solutions to systems of equations",6,https://www.khanacademy.org/math/COURSE_SLUG/UNIT_SLUG/LESSON_SLUG/v/examples-algebraically-analyzing-solutions-to-systems
Video,"practice-thinking-about-number-of-solutions-to-systems","Number of solutions to a system of equations graphically",1116353804,"8th grade math","Systems of equations","Number of solutions to systems of equations",4,https://www.khanacademy.org/math/COURSE_SLUG/UNIT_SLUG/LESSON_SLUG/v/practice-thinking-about-number-of-solutions-to-systems
Video,"number-of-solutions-to-linear-equations","Number of solutions to equations",x60d48e64,"8th grade math","Solving equations with one unknown","Number of solutions to equations",0,https://www.khanacademy.org/math/COURSE_SLUG/UNIT_SLUG/LESSON_SLUG/v/number-of-solutions-to-linear-equations
Video,"create-function-from-equation","Obtaining a function from an equation",x0c7d59f7,"8th grade math","Linear equations and functions","Functions",8,https://www.khanacademy.org/math/COURSE_SLUG/UNIT_SLUG/LESSON_SLUG/v/create-function-from-equation
Video,"identifying-parallel-and-perpendicular-lines","Parallel & perpendicular lines",372432667,"8th grade math","Geometry","Angles between intersecting lines",1,https://www.khanacademy.org/math/COURSE_SLUG/UNIT_SLUG/LESSON_SLUG/v/identifying-parallel-and-perpendicular-lines
Video,"positive-and-negative-slope","Positive & negative slope",x77a4dfa1,"8th grade math","Linear equations and functions","Slope",4,https://www.khanacademy.org/math/COURSE_SLUG/UNIT_SLUG/LESSON_SLUG/v/positive-and-negative-slope
Video,"powers-of-products-and-quotients-integer-exponents","Powers of products & quotients (integer exponents)",x77dba0123ee2609c,"8th grade math","Numbers and operations","Exponent properties (integer exponents)",2,https://www.khanacademy.org/math/COURSE_SLUG/UNIT_SLUG/LESSON_SLUG/v/powers-of-products-and-quotients-integer-exponents
Video,"pythagoriean-theorem-in-3d","Pythagorean theorem in 3D",x5a21eae7,"8th grade math","Geometry","Pythagorean theorem application",6,https://www.khanacademy.org/math/COURSE_SLUG/UNIT_SLUG/LESSON_SLUG/v/pythagoriean-theorem-in-3d
Video,"pythagorean-theorem-proof-using-similarity","Pythagorean theorem proof using similarity",290279020,"8th grade math","Geometry","Pythagorean theorem proofs",2,https://www.khanacademy.org/math/COURSE_SLUG/UNIT_SLUG/LESSON_SLUG/v/pythagorean-theorem-proof-using-similarity
Video,"pythagorean-theorem-with-right-triangle","Pythagorean theorem with isosceles triangle",xb26b2a89796216fc,"8th grade math","Geometry","Pythagorean theorem",4,https://www.khanacademy.org/math/COURSE_SLUG/UNIT_SLUG/LESSON_SLUG/v/pythagorean-theorem-with-right-triangle
Video,"graphical-relations-and-functions","Recognizing functions from graph",357917979,"8th grade math","Linear equations and functions","Recognizing functions",2,https://www.khanacademy.org/math/COURSE_SLUG/UNIT_SLUG/LESSON_SLUG/v/graphical-relations-and-functions
Video,"functional-relationships-1","Recognizing functions from table",26790,"8th grade math","Linear equations and functions","Recognizing functions",5,https://www.khanacademy.org/math/COURSE_SLUG/UNIT_SLUG/LESSON_SLUG/v/functional-relationships-1
Video,"recognizing-functions-example-1","Recognizing functions from verbal description",xe1f24412,"8th grade math","Linear equations and functions","Recognizing functions",9,https://www.khanacademy.org/math/COURSE_SLUG/UNIT_SLUG/LESSON_SLUG/v/recognizing-functions-example-1
Video,"recognizing-functions-example-5","Recognizing functions from verbal description word problems",xe4c1673b,"8th grade math","Linear equations and functions","Recognizing functions",10,https://www.khanacademy.org/math/COURSE_SLUG/UNIT_SLUG/LESSON_SLUG/v/recognizing-functions-example-5
Video,"reflecting-points","Reflecting points",x2b4f6a857249e629,"8th grade math","Geometric transformations","Reflections",0,https://www.khanacademy.org/math/COURSE_SLUG/UNIT_SLUG/LESSON_SLUG/v/reflecting-points
Video,"reflecting-shapes","Reflecting shapes",xc5d517f510449447,"8th grade math","Geometric transformations","Reflections",2,https://www.khanacademy.org/math/COURSE_SLUG/UNIT_SLUG/LESSON_SLUG/v/reflecting-shapes
Video,"introduction-to-transformations","Rigid transformations intro",x7856e9c3,"8th grade math","Geometric transformations","Transformations intro",0,https://www.khanacademy.org/math/COURSE_SLUG/UNIT_SLUG/LESSON_SLUG/v/introduction-to-transformations
Video,"rigid-transformations-preserved-properties","Rigid transformations: preserved properties",x89713b044e601426,"8th grade math","Geometric transformations","Properties & definitions of transformations",2,https://www.khanacademy.org/math/COURSE_SLUG/UNIT_SLUG/LESSON_SLUG/v/rigid-transformations-preserved-properties
Video,"rotating-points","Rotating points",x0dcf739db7b81a07,"8th grade math","Geometric transformations","Rotations",0,https://www.khanacademy.org/math/COURSE_SLUG/UNIT_SLUG/LESSON_SLUG/v/rotating-points
Video,"testing-similarity-through-transformations","Similar shapes & transformations",xfc5aad45,"8th grade math","Geometric transformations","Congruence and similarity",3,https://www.khanacademy.org/math/COURSE_SLUG/UNIT_SLUG/LESSON_SLUG/v/testing-similarity-through-transformations
Video,"slope-from-equation","Slope from equation",x7c5573fa2851b201,"8th grade math","Linear equations and functions","Slope",10,https://www.khanacademy.org/math/COURSE_SLUG/UNIT_SLUG/LESSON_SLUG/v/slope-from-equation
Video,"slope-of-a-line-3","Slope of a horizontal line",33752753,"8th grade math","Linear equations and functions","Slope",13,https://www.khanacademy.org/math/COURSE_SLUG/UNIT_SLUG/LESSON_SLUG/v/slope-of-a-line-3
Video,"graphs-using-slope-intercept-form","Slope-intercept equation from graph",23638,"8th grade math","Linear equations and functions","Writing slope-intercept equations",0,https://www.khanacademy.org/math/COURSE_SLUG/UNIT_SLUG/LESSON_SLUG/v/graphs-using-slope-intercept-form
Video,"equation-of-a-line-1","Slope-intercept equation from slope & point",33752754,"8th grade math","Linear equations and functions","Writing slope-intercept equations",3,https://www.khanacademy.org/math/COURSE_SLUG/UNIT_SLUG/LESSON_SLUG/v/equation-of-a-line-1
Video,"equation-of-a-line-3","Slope-intercept equation from two points",33752756,"8th grade math","Linear equations and functions","Writing slope-intercept equations",4,https://www.khanacademy.org/math/COURSE_SLUG/UNIT_SLUG/LESSON_SLUG/v/equation-of-a-line-3
Video,"linear-equations-in-slope-intercept-form","Slope-intercept form problems",23646,"8th grade math","Linear equations and functions","Writing slope-intercept equations",6,https://www.khanacademy.org/math/COURSE_SLUG/UNIT_SLUG/LESSON_SLUG/v/linear-equations-in-slope-intercept-form
Video,"checking-ordered-pair-solutions-to-equations-1","Solutions to 2-variable equations",x9a47991d,"8th grade math","Linear equations and functions","Solutions to linear equations",1,https://www.khanacademy.org/math/COURSE_SLUG/UNIT_SLUG/LESSON_SLUG/v/checking-ordered-pair-solutions-to-equations-1
Video,"independent-and-dependent-systems","Solutions to systems of equations: dependent vs. independent",561902042,"8th grade math","Systems of equations","Number of solutions to systems of equations",2,https://www.khanacademy.org/math/COURSE_SLUG/UNIT_SLUG/LESSON_SLUG/v/independent-and-dependent-systems
Video,"finding-square-root-of-decimal","Square root of decimal",x4451110d,"8th grade math","Numbers and operations","Square roots & cube roots",7,https://www.khanacademy.org/math/COURSE_SLUG/UNIT_SLUG/LESSON_SLUG/v/finding-square-root-of-decimal
Video,"system-with-not-enough-information","System of equations word problem: infinite solutions",x8883c043,"8th grade math","Systems of equations","Systems of equations word problems",7,https://www.khanacademy.org/math/COURSE_SLUG/UNIT_SLUG/LESSON_SLUG/v/system-with-not-enough-information
Video,"systems-word-problem-with-no-solution","System of equations word problem: no solution",xa7908d53,"8th grade math","Systems of equations","Systems of equations word problems",6,https://www.khanacademy.org/math/COURSE_SLUG/UNIT_SLUG/LESSON_SLUG/v/systems-word-problem-with-no-solution
Video,"system-of-equations-distances-word-problem","System of equations word problem: walk & ride",xc63ae76c,"8th grade math","Systems of equations","Systems of equations word problems",4,https://www.khanacademy.org/math/COURSE_SLUG/UNIT_SLUG/LESSON_SLUG/v/system-of-equations-distances-word-problem
Video,"inconsistent-systems-of-equations","Systems of equations number of solutions: fruit prices (1 of 2)",1116349757,"8th grade math","Systems of equations","Number of solutions to systems of equations",0,https://www.khanacademy.org/math/COURSE_SLUG/UNIT_SLUG/LESSON_SLUG/v/inconsistent-systems-of-equations
Video,"infinite-solutions-to-systems","Systems of equations number of solutions: fruit prices (2 of 2)",1116483367,"8th grade math","Systems of equations","Number of solutions to systems of equations",1,https://www.khanacademy.org/math/COURSE_SLUG/UNIT_SLUG/LESSON_SLUG/v/infinite-solutions-to-systems
Video,"solving-systems-graphically-examples","Systems of equations with graphing: exact & approximate solutions",xf2261778,"8th grade math","Systems of equations","Systems of equations with graphing",5,https://www.khanacademy.org/math/COURSE_SLUG/UNIT_SLUG/LESSON_SLUG/v/solving-systems-graphically-examples
Video,"solving-systems-graphically","Systems of equations with graphing: y=7/5x-5 & y=3/5x-1",1112700719,"8th grade math","Systems of equations","Systems of equations with graphing",2,https://www.khanacademy.org/math/COURSE_SLUG/UNIT_SLUG/LESSON_SLUG/v/solving-systems-graphically
Video,"practice-using-substitution-for-systems","Systems of equations with substitution: -3x-4y=-2 & y=2x-5",1116433408,"8th grade math","Systems of equations","Solving systems with substitution",3,https://www.khanacademy.org/math/COURSE_SLUG/UNIT_SLUG/LESSON_SLUG/v/practice-using-substitution-for-systems
Video,"substitution-method-3","Systems of equations with substitution: coins",33752771,"8th grade math","Systems of equations","Systems of equations word problems",8,https://www.khanacademy.org/math/COURSE_SLUG/UNIT_SLUG/LESSON_SLUG/v/substitution-method-3
Video,"trolls-tolls-and-systems-of-equations","Systems of equations: trolls, tolls (1 of 2)",1095856196,"8th grade math","Systems of equations","Intro to systems of equations",0,https://www.khanacademy.org/math/COURSE_SLUG/UNIT_SLUG/LESSON_SLUG/v/trolls-tolls-and-systems-of-equations
Video,"solving-the-troll-riddle-visually","Systems of equations: trolls, tolls (2 of 2)",1095783741,"8th grade math","Systems of equations","Intro to systems of equations",1,https://www.khanacademy.org/math/COURSE_SLUG/UNIT_SLUG/LESSON_SLUG/v/solving-the-troll-riddle-visually
Video,"testing-a-solution-for-a-system-of-equations","Testing a solution to a system of equations",33752762,"8th grade math","Systems of equations","Intro to systems of equations",2,https://www.khanacademy.org/math/COURSE_SLUG/UNIT_SLUG/LESSON_SLUG/v/testing-a-solution-for-a-system-of-equations
Video,"translating-points","Translating points",x154b1155a0199523,"8th grade math","Geometric transformations","Translations",0,https://www.khanacademy.org/math/COURSE_SLUG/UNIT_SLUG/LESSON_SLUG/v/translating-points
Video,"drawing-image-of-translation","Translating shapes",x03952f21,"8th grade math","Geometric transformations","Translations",3,https://www.khanacademy.org/math/COURSE_SLUG/UNIT_SLUG/LESSON_SLUG/v/drawing-image-of-translation
Video,"challenging-triangle-angle-problem","Triangle angle challenge problem",265540635,"8th grade math","Geometry","Triangle angles",8,https://www.khanacademy.org/math/COURSE_SLUG/UNIT_SLUG/LESSON_SLUG/v/challenging-triangle-angle-problem
Video,"finding-more-angles","Triangle angle challenge problem 2",265540639,"8th grade math","Geometry","Triangle angles",9,https://www.khanacademy.org/math/COURSE_SLUG/UNIT_SLUG/LESSON_SLUG/v/finding-more-angles
Video,"triangle-angle-example-1","Triangle exterior angle example",265540642,"8th grade math","Geometry","Triangle angles",4,https://www.khanacademy.org/math/COURSE_SLUG/UNIT_SLUG/LESSON_SLUG/v/triangle-angle-example-1
Video,"area-of-an-isosceles-triangle","Use Pythagorean theorem to find area of an isosceles triangle",x3249b1b3b5e14fc2,"8th grade math","Geometry","Pythagorean theorem application",0,https://www.khanacademy.org/math/COURSE_SLUG/UNIT_SLUG/LESSON_SLUG/v/area-of-an-isosceles-triangle
Video,"volume-cone-example","Volume of a cone",x8cc61186,"8th grade math","Geometry","Volume",4,https://www.khanacademy.org/math/COURSE_SLUG/UNIT_SLUG/LESSON_SLUG/v/volume-cone-example
Video,"volume-of-a-sphere","Volume of a sphere",372432663,"8th grade math","Geometry","Volume",2,https://www.khanacademy.org/math/COURSE_SLUG/UNIT_SLUG/LESSON_SLUG/v/volume-of-a-sphere
Video,"what-is-a-function","What is a function?",x2ec1ec8a,"8th grade math","Linear equations and functions","Functions",0,https://www.khanacademy.org/math/COURSE_SLUG/UNIT_SLUG/LESSON_SLUG/v/what-is-a-function
Video,"finding-cube-roots","Worked example: Cube root of a negative number",126711578,"8th grade math","Numbers and operations","Square roots & cube roots",5,https://www.khanacademy.org/math/COURSE_SLUG/UNIT_SLUG/LESSON_SLUG/v/finding-cube-roots
Video,"understanding-function-notation-example-1","Worked example: Evaluating functions from equation",x1292edd2,"8th grade math","Linear equations and functions","Functions",1,https://www.khanacademy.org/math/COURSE_SLUG/UNIT_SLUG/LESSON_SLUG/v/understanding-function-notation-example-1
Video,"understanding-function-notation-example-2","Worked example: Evaluating functions from graph",xbdf4c75d,"8th grade math","Linear equations and functions","Functions",4,https://www.khanacademy.org/math/COURSE_SLUG/UNIT_SLUG/LESSON_SLUG/v/understanding-function-notation-example-2
Video,"equation-special-cases","Worked example: number of solutions to equations",13179469,"8th grade math","Solving equations with one unknown","Number of solutions to equations",1,https://www.khanacademy.org/math/COURSE_SLUG/UNIT_SLUG/LESSON_SLUG/v/equation-special-cases
Video,"slope-of-a-line","Worked example: slope from graph",26800,"8th grade math","Linear equations and functions","Slope",5,https://www.khanacademy.org/math/COURSE_SLUG/UNIT_SLUG/LESSON_SLUG/v/slope-of-a-line
Video,"slope-of-a-line-2","Worked example: slope from two points",33752752,"8th grade math","Linear equations and functions","Slope",8,https://www.khanacademy.org/math/COURSE_SLUG/UNIT_SLUG/LESSON_SLUG/v/slope-of-a-line-2
Video,"checking-ordered-pair-solutions-to-equations-2","Worked example: solutions to 2-variable equations",x6e2674bb,"8th grade math","Linear equations and functions","Solutions to linear equations",2,https://www.khanacademy.org/math/COURSE_SLUG/UNIT_SLUG/LESSON_SLUG/v/checking-ordered-pair-solutions-to-equations-2
Video,"slope-intercept-intro-examples","Worked examples: slope-intercept intro",xbe126b648573616d,"8th grade math","Linear equations and functions","Intro to slope-intercept form",2,https://www.khanacademy.org/math/COURSE_SLUG/UNIT_SLUG/LESSON_SLUG/v/slope-intercept-intro-examples
Video,"finding-x-intercept-of-a-line","x-intercept of a line",x6bca96e9,"8th grade math","Linear equations and functions","Intercepts",1,https://www.khanacademy.org/math/COURSE_SLUG/UNIT_SLUG/LESSON_SLUG/v/finding-x-intercept-of-a-line